Post #,Title,Description,Image Creative Description
1,اشتغلت بأكثر من مكان؟,احتمال كبير يحقلك استرجاع ضريبة بمبالغ محترمة – افحص معنا مجانًا.,شخص ماسك ملفات وشعارات شركات بالخلفية، ملامح استغراب على وجهه
2,توفيرة باسم ابنك؟,بعد جيل 18، ممكن تسحب التوفيرة بموافقة خاصة – راسلنا نستخرجها لك.,أم أو أب ماسك دفتر توفير وبجنبه ولد فرحان
3,عندك פנסיה قديمة؟,كتير ناس عندهم פנסיה من شغل قديم وناسيينها – إحنا بنرجعلك حقك.,يدين ماسكة ظرف مكتوب عليه 'פנסיה ישנה'
4,خلصت شغل؟,استحقاقك للفحص الضريبي ممكن يبدأ من هون – استغل الفرصة.,شاب طالع من باب شركة وبيده ظرف مفتوح
5,بدون محاسب؟,مش لازم تكون خبير ضرائب – إحنا بنهتم عنك من الألف للياء.,شخص مرتاح قدام لابتوب مع جملة 'من دون محاسب!'
6,اشتغلت بأكثر من مكان؟,احتمال كبير يحقلك استرجاع ضريبة بمبالغ محترمة – افحص معنا مجانًا.,شخص ماسك ملفات وشعارات شركات بالخلفية، ملامح استغراب على وجهه
7,توفيرة باسم ابنك؟,بعد جيل 18، ممكن تسحب التوفيرة بموافقة خاصة – راسلنا نستخرجها لك.,أم أو أب ماسك دفتر توفير وبجنبه ولد فرحان
8,عندك פנסיה قديمة؟,كتير ناس عندهم פנסיה من شغل قديم وناسيينها – إحنا بنرجعلك حقك.,يدين ماسكة ظرف مكتوب عليه 'פנסיה ישנה'
9,خلصت شغل؟,استحقاقك للفحص الضريبي ممكن يبدأ من هون – استغل الفرصة.,شاب طالع من باب شركة وبيده ظرف مفتوح
10,بدون محاسب؟,مش لازم تكون خبير ضرائب – إحنا بنهتم عنك من الألف للياء.,شخص مرتاح قدام لابتوب مع جملة 'من دون محاسب!'
11,اشتغلت بأكثر من مكان؟,احتمال كبير يحقلك استرجاع ضريبة بمبالغ محترمة – افحص معنا مجانًا.,شخص ماسك ملفات وشعارات شركات بالخلفية، ملامح استغراب على وجهه
12,توفيرة باسم ابنك؟,بعد جيل 18، ممكن تسحب التوفيرة بموافقة خاصة – راسلنا نستخرجها لك.,أم أو أب ماسك دفتر توفير وبجنبه ولد فرحان
13,عندك פנסיה قديمة؟,كتير ناس عندهم פנסיה من شغل قديم وناسيينها – إحنا بنرجعلك حقك.,يدين ماسكة ظرف مكتوب عليه 'פנסיה ישנה'
14,خلصت شغل؟,استحقاقك للفحص الضريبي ممكن يبدأ من هون – استغل الفرصة.,شاب طالع من باب شركة وبيده ظرف مفتوح
15,بدون محاسب؟,مش لازم تكون خبير ضرائب – إحنا بنهتم عنك من الألف للياء.,شخص مرتاح قدام لابتوب مع جملة 'من دون محاسب!'
16,اشتغلت بأكثر من مكان؟,احتمال كبير يحقلك استرجاع ضريبة بمبالغ محترمة – افحص معنا مجانًا.,شخص ماسك ملفات وشعارات شركات بالخلفية، ملامح استغراب على وجهه
17,توفيرة باسم ابنك؟,بعد جيل 18، ممكن تسحب التوفيرة بموافقة خاصة – راسلنا نستخرجها لك.,أم أو أب ماسك دفتر توفير وبجنبه ولد فرحان
18,عندك פנסיה قديمة؟,كتير ناس عندهم פנסיה من شغل قديم وناسيينها – إحنا بنرجعلك حقك.,يدين ماسكة ظرف مكتوب عليه 'פנסיה ישנה'
19,خلصت شغل؟,استحقاقك للفحص الضريبي ممكن يبدأ من هون – استغل الفرصة.,شاب طالع من باب شركة وبيده ظرف مفتوح
20,بدون محاسب؟,مش لازم تكون خبير ضرائب – إحنا بنهتم عنك من الألف للياء.,شخص مرتاح قدام لابتوب مع جملة 'من دون محاسب!'
21,اشتغلت بأكثر من مكان؟,احتمال كبير يحقلك استرجاع ضريبة بمبالغ محترمة – افحص معنا مجانًا.,شخص ماسك ملفات وشعارات شركات بالخلفية، ملامح استغراب على وجهه
22,توفيرة باسم ابنك؟,بعد جيل 18، ممكن تسحب التوفيرة بموافقة خاصة – راسلنا نستخرجها لك.,أم أو أب ماسك دفتر توفير وبجنبه ولد فرحان
23,عندك פנסיה قديمة؟,كتير ناس عندهم פנסיה من شغل قديم وناسيينها – إحنا بنرجعلك حقك.,يدين ماسكة ظرف مكتوب عليه 'פנסיה ישנה'
24,خلصت شغل؟,استحقاقك للفحص الضريبي ممكن يبدأ من هون – استغل الفرصة.,شاب طالع من باب شركة وبيده ظرف مفتوح
25,بدون محاسب؟,مش لازم تكون خبير ضرائب – إحنا بنهتم عنك من الألف للياء.,شخص مرتاح قدام لابتوب مع جملة 'من دون محاسب!'
26,اشتغلت بأكثر من مكان؟,احتمال كبير يحقلك استرجاع ضريبة بمبالغ محترمة – افحص معنا مجانًا.,شخص ماسك ملفات وشعارات شركات بالخلفية، ملامح استغراب على وجهه
27,توفيرة باسم ابنك؟,بعد جيل 18، ممكن تسحب التوفيرة بموافقة خاصة – راسلنا نستخرجها لك.,أم أو أب ماسك دفتر توفير وبجنبه ولد فرحان
28,عندك פנסיה قديمة؟,كتير ناس عندهم פנסיה من شغل قديم وناسيينها – إحنا بنرجعلك حقك.,يدين ماسكة ظرف مكتوب عليه 'פנסיה ישנה'
29,خلصت شغل؟,استحقاقك للفحص الضريبي ممكن يبدأ من هون – استغل الفرصة.,شاب طالع من باب شركة وبيده ظرف مفتوح
30,بدون محاسب؟,مش لازم تكون خبير ضرائب – إحنا بنهتم عنك من الألف للياء.,شخص مرتاح قدام لابتوب مع جملة 'من دون محاسب!'
